{
  "bg": 120, 
  "temp": "absolute", 
  "snoozeBG": 141, 
  "recieved": true, 
  "predBGs": {
    "IOB": [
      120, 
      123, 
      125, 
      128, 
      130, 
      132, 
      134, 
      135, 
      136, 
      137, 
      137, 
      137, 
      137, 
      137, 
      136, 
      135, 
      134, 
      133, 
      132, 
      131, 
      130, 
      129, 
      128, 
      127, 
      126, 
      125, 
      124, 
      123, 
      123, 
      122, 
      121, 
      121, 
      120, 
      120, 
      119
    ]
  }, 
  "rate": 1.25, 
  "reason": "COB: 0, Dev: 14, BGI: 0.68, ISF: 72.1, Target: 115; Eventual BG 141 >= 115, 30m@1.050 = 0.525 > req 0.3606102635228849+0.1U. Setting temp basal of 0.55U/hr", 
  "COB": 0, 
  "eventualBG": 141, 
  "timestamp": "2016-07-10T07:46:46.453934", 
  "duration": 30, 
  "tick": "+6", 
  "IOB": -0.093
}