{
  "bg": 162, 
  "temp": "absolute", 
  "snoozeBG": 145, 
  "recieved": true, 
  "predBGs": {
    "IOB": [
      162, 
      166, 
      169, 
      172, 
      174, 
      176, 
      177, 
      176, 
      175, 
      173, 
      171, 
      167, 
      162, 
      158, 
      153, 
      149, 
      144, 
      139, 
      135, 
      130, 
      126, 
      122, 
      118, 
      115, 
      112, 
      109, 
      106, 
      104, 
      102, 
      100, 
      98, 
      97, 
      96, 
      95, 
      94, 
      93
    ]
  }, 
  "rate": 1.35, 
  "reason": "COB: 0, Dev: 46, BGI: -3.07, ISF: 77.7, Target: 113; Eventual BG 145>=113, 27m@1.355 = 0.610 > req 0.4118404118404118+0.1U", 
  "COB": 0, 
  "eventualBG": 145, 
  "timestamp": "2016-07-02T03:33:29.072521", 
  "duration": 30, 
  "tick": "+5", 
  "IOB": 0.807
}