{
  "bg": 122, 
  "temp": "absolute", 
  "snoozeBG": 136, 
  "recieved": true, 
  "predBGs": {
    "COB": [
      122, 
      124, 
      125, 
      125, 
      126, 
      125, 
      125, 
      123, 
      122, 
      120, 
      119, 
      118, 
      117, 
      116, 
      115, 
      114, 
      113, 
      111, 
      110, 
      108, 
      106, 
      105, 
      103, 
      102, 
      100, 
      99, 
      98, 
      96, 
      95, 
      94, 
      93, 
      92, 
      92, 
      91, 
      91, 
      90
    ], 
    "aCOB": [
      122, 
      126, 
      129, 
      129, 
      127, 
      125, 
      123, 
      121, 
      119, 
      118, 
      117, 
      116, 
      115, 
      114, 
      113, 
      111, 
      110, 
      109, 
      107, 
      105, 
      104, 
      102, 
      101, 
      99, 
      98, 
      96, 
      95, 
      94, 
      93, 
      92, 
      91, 
      90, 
      89, 
      89, 
      88, 
      88, 
      87
    ], 
    "IOB": [
      122, 
      124, 
      125, 
      127, 
      128, 
      129, 
      130, 
      130, 
      130, 
      130, 
      130, 
      129, 
      128, 
      127, 
      126, 
      125, 
      124, 
      122, 
      121, 
      119, 
      117, 
      116, 
      114, 
      113, 
      111, 
      110, 
      109, 
      107, 
      106, 
      105, 
      104, 
      104, 
      103, 
      102, 
      102, 
      101
    ]
  }, 
  "rate": 1.375, 
  "reason": "COB: 4, Dev: 31, BGI: -3.02, ISF: 75.5, Target: 115; Eventual BG 136 >= 115, 29m@0.850 = 0.411 > req 0.2781456953642384+0.1U. Setting temp basal of 0.85U/hr", 
  "COB": 4, 
  "eventualBG": 136, 
  "timestamp": "2016-07-12T22:22:17.807320", 
  "duration": 30, 
  "tick": "+7", 
  "IOB": 0.224
}