{
  "bg": 142, 
  "temp": "absolute", 
  "snoozeBG": 119, 
  "recieved": true, 
  "predBGs": {
    "IOB": [
      142, 
      144, 
      145, 
      147, 
      147, 
      147, 
      147, 
      147, 
      146, 
      144, 
      142, 
      140, 
      138, 
      136, 
      133, 
      131, 
      128, 
      126, 
      124, 
      121, 
      119, 
      117, 
      115, 
      114, 
      112, 
      111, 
      110, 
      108, 
      108, 
      107, 
      106, 
      106, 
      105, 
      105, 
      105, 
      105, 
      104
    ]
  }, 
  "rate": 0.625, 
  "reason": "COB: 0, Dev: 6, BGI: 0.96, ISF: 76.5, Target: 116; Eventual BG 119 >= 116, 16m@0.800 = 0.213 > req 0.0392156862745098+0.1U. Setting temp basal of 0.625U/hr", 
  "COB": 0, 
  "eventualBG": 119, 
  "timestamp": "2016-07-16T08:40:49.368796", 
  "duration": 30, 
  "tick": "+2", 
  "IOB": 0.376
}