{
  "bg": 139, 
  "temp": "absolute", 
  "snoozeBG": 126, 
  "recieved": true, 
  "predBGs": {
    "IOB": [
      139, 
      139, 
      139, 
      138, 
      138, 
      137, 
      136, 
      135, 
      134, 
      133, 
      131, 
      130, 
      128, 
      126, 
      125, 
      123, 
      122, 
      120, 
      119, 
      118, 
      116, 
      115, 
      114, 
      113, 
      112, 
      111, 
      110, 
      110, 
      109, 
      108, 
      108, 
      107, 
      107, 
      107, 
      106
    ]
  }, 
  "rate": 1.1, 
  "reason": "COB: 0, Dev: 6, BGI: -0.94, ISF: 75, Target: 115; Eventual BG 126 >= 115, 29m@0.550 = 0.266 > req 0.14666666666666667+0.1U. Setting temp basal of 1.1U/hr", 
  "COB": 0, 
  "eventualBG": 126, 
  "timestamp": "2016-07-14T23:59:37.330210", 
  "duration": 30, 
  "tick": "+0", 
  "IOB": 0.248
}