{
  "bg": 148, 
  "temp": "absolute", 
  "snoozeBG": 264, 
  "recieved": true, 
  "predBGs": {
    "COB": [
      148, 
      158, 
      168, 
      177, 
      186, 
      193, 
      200, 
      205, 
      209, 
      212, 
      215, 
      216, 
      216, 
      216, 
      215, 
      213, 
      210, 
      207, 
      203, 
      199, 
      194, 
      189, 
      184, 
      179, 
      174, 
      169, 
      164, 
      160, 
      156, 
      153, 
      150, 
      148, 
      146, 
      144, 
      143, 
      142, 
      141
    ], 
    "aCOB": [
      148, 
      157, 
      165, 
      172, 
      179, 
      186, 
      191, 
      195, 
      199, 
      201, 
      203, 
      204, 
      204, 
      204, 
      203, 
      201, 
      199, 
      197, 
      194, 
      190, 
      187, 
      183, 
      179, 
      176, 
      172, 
      168, 
      165, 
      161, 
      157, 
      154, 
      151, 
      149, 
      147, 
      145, 
      144, 
      143, 
      142
    ], 
    "IOB": [
      148, 
      158, 
      167, 
      175, 
      181, 
      186, 
      189, 
      191, 
      192, 
      190, 
      188, 
      183, 
      178, 
      172, 
      166, 
      160, 
      154, 
      147, 
      140, 
      134, 
      127, 
      121, 
      115, 
      110, 
      104, 
      99, 
      95, 
      91, 
      87, 
      84, 
      81, 
      79, 
      77, 
      75, 
      74, 
      72
    ]
  }, 
  "rate": 1.35, 
  "reason": "COB: 24, Dev: 72, BGI: -0.99, ISF: 94.1, Target: 130; Eventual BG 171 >= 140, 27m@2.275 = 1.024 > req 0.4357066950053135+0.1U. Setting temp basal of 1.35U/hr", 
  "COB": 24, 
  "eventualBG": 171, 
  "timestamp": "2016-07-20T10:29:16.378359", 
  "duration": 30, 
  "tick": "+18", 
  "IOB": 0.52
}