{
  "bg": 91, 
  "temp": "absolute", 
  "snoozeBG": 124, 
  "recieved": true, 
  "predBGs": {
    "COB": [
      91, 
      95, 
      99, 
      102, 
      106, 
      109, 
      112, 
      115, 
      117, 
      119, 
      120, 
      121, 
      122, 
      122, 
      122, 
      121, 
      120, 
      119, 
      117, 
      116, 
      115, 
      114, 
      112, 
      111, 
      110, 
      109, 
      108, 
      107, 
      106, 
      105, 
      104, 
      103, 
      103, 
      102, 
      102, 
      101
    ], 
    "aCOB": [
      91, 
      100, 
      107, 
      112, 
      115, 
      116, 
      116, 
      117, 
      118, 
      119, 
      119, 
      119, 
      119, 
      119, 
      118, 
      117, 
      116, 
      115, 
      114, 
      113, 
      112, 
      110, 
      109, 
      108, 
      107, 
      106, 
      105, 
      104, 
      103, 
      102, 
      101, 
      100, 
      99, 
      99, 
      98
    ], 
    "IOB": [
      91, 
      95, 
      99, 
      102, 
      105, 
      108, 
      111, 
      113, 
      115, 
      116, 
      117, 
      118, 
      118, 
      117, 
      117, 
      116, 
      115, 
      114, 
      113, 
      111, 
      110, 
      109, 
      108, 
      107, 
      105, 
      104, 
      103, 
      102, 
      101, 
      100, 
      99, 
      99, 
      98, 
      97, 
      97, 
      97, 
      96
    ]
  }, 
  "rate": 0.85, 
  "reason": "COB: 5, Dev: 20, BGI: 0.86, ISF: 78.4, Target: 114; Eventual BG 124 >= 114, 24m@0.950 = 0.380 > req 0.12755102040816327+0.1U. Setting temp basal of 0.85U/hr", 
  "COB": 5, 
  "eventualBG": 124, 
  "timestamp": "2016-07-19T00:01:11.435941", 
  "duration": 30, 
  "tick": "+6", 
  "IOB": -0.171
}