{
  "bg": 175, 
  "temp": "absolute", 
  "snoozeBG": 121, 
  "recieved": true, 
  "predBGs": {
    "IOB": [
      175, 
      177, 
      179, 
      180, 
      180, 
      179, 
      178, 
      176, 
      173, 
      169, 
      165, 
      160, 
      154, 
      149, 
      143, 
      138, 
      133, 
      128, 
      124, 
      120, 
      116, 
      112, 
      109, 
      106, 
      103, 
      100, 
      98, 
      96, 
      95, 
      93, 
      92, 
      91, 
      91, 
      90, 
      90, 
      89
    ]
  }, 
  "rate": 0.7, 
  "reason": "COB: 0, Dev: 40, BGI: -3.68, ISF: 71.4, Target: 115; Eventual BG 121 >= 115, 24m@0.825 = 0.330 > req 0.08403361344537814+0.1U. Setting temp basal of 0.55U/hr", 
  "COB": 0, 
  "eventualBG": 121, 
  "timestamp": "2016-07-11T00:03:16.471940", 
  "duration": 30, 
  "tick": "+3", 
  "IOB": 1.321
}