{
  "bg": 175, 
  "temp": "absolute", 
  "snoozeBG": 136, 
  "recieved": true, 
  "predBGs": {
    "IOB": [
      175, 
      177, 
      178, 
      178, 
      178, 
      178, 
      177, 
      175, 
      172, 
      169, 
      165, 
      161, 
      156, 
      151, 
      147, 
      142, 
      138, 
      133, 
      129, 
      125, 
      120, 
      116, 
      113, 
      109, 
      106, 
      103, 
      100, 
      98, 
      95, 
      93, 
      92, 
      90, 
      89, 
      88, 
      88, 
      87
    ]
  }, 
  "rate": 1.1, 
  "reason": "COB: 0, Dev: 33, BGI: -3.56, ISF: 73.4, Target: 115; Eventual BG 136 >= 115, 25m@1.400 = 0.583 > req 0.2861035422343324+0.1U. Setting temp basal of 0.55U/hr", 
  "COB": 0, 
  "eventualBG": 136, 
  "timestamp": "2016-07-11T10:26:12.326817", 
  "duration": 30, 
  "tick": "+2", 
  "IOB": 0.981
}