{
  "bg": 133, 
  "temp": "absolute", 
  "snoozeBG": 143, 
  "recieved": true, 
  "predBGs": {
    "IOB": [
      133, 
      136, 
      138, 
      140, 
      142, 
      143, 
      144, 
      144, 
      144, 
      143, 
      142, 
      140, 
      138, 
      136, 
      133, 
      131, 
      128, 
      126, 
      123, 
      121, 
      118, 
      116, 
      113, 
      111, 
      109, 
      107, 
      105, 
      103, 
      102, 
      100, 
      99, 
      98, 
      97, 
      96, 
      95, 
      95, 
      94
    ]
  }, 
  "rate": 0.75, 
  "reason": "COB: 0, Dev: 32, BGI: -2.41, ISF: 127, Target: 115; Eventual BG 143>=115, 26m@0.930 = 0.403 > req 0.2204724409448819+0.1U", 
  "COB": 0, 
  "eventualBG": 143, 
  "timestamp": "2016-07-05T11:58:00.129560", 
  "duration": 30, 
  "tick": "+5", 
  "IOB": 0.173
}