{
  "bg": 165, 
  "temp": "absolute", 
  "snoozeBG": 153, 
  "recieved": true, 
  "predBGs": {
    "IOB": [
      165, 
      167, 
      169, 
      171, 
      172, 
      172, 
      172, 
      172, 
      171, 
      169, 
      167, 
      164, 
      161, 
      157, 
      153, 
      149, 
      145, 
      140, 
      136, 
      131, 
      127, 
      123, 
      118, 
      115, 
      111, 
      108, 
      105, 
      102, 
      100, 
      97, 
      96, 
      94, 
      92, 
      91, 
      90, 
      90, 
      89
    ]
  }, 
  "rate": 1.875, 
  "reason": "COB: 0, Dev: 37, BGI: -3.42, ISF: 77.7, Target: 113; Eventual BG 153 >= 113, 28m@1.525 = 0.712 > req 0.5148005148005148+0.1U. Setting temp basal of 1.9U/hr", 
  "COB": 0, 
  "eventualBG": 153, 
  "timestamp": "2016-07-17T22:23:30.401071", 
  "duration": 30, 
  "tick": "+4", 
  "IOB": 0.635
}