{
  "bg": 255, 
  "temp": "absolute", 
  "snoozeBG": 213, 
  "recieved": true, 
  "predBGs": {
    "IOB": [
      255, 
      256, 
      256, 
      256, 
      254, 
      251, 
      248, 
      243, 
      238, 
      231, 
      224, 
      215, 
      206, 
      197, 
      188, 
      180, 
      172, 
      164, 
      156, 
      149, 
      143, 
      137, 
      131, 
      126, 
      121, 
      117, 
      113, 
      110, 
      107, 
      104, 
      102, 
      100, 
      99, 
      98, 
      97, 
      97, 
      96
    ]
  }, 
  "rate": 1.425, 
  "reason": "COB: 0, Dev: 60, BGI: -8.08, ISF: 84.2, Target: 118; Eventual BG 151>=118, 20m@1.590 = 0.530 > req 0.3919239904988123+0.1U", 
  "COB": 0, 
  "eventualBG": 151, 
  "timestamp": "2016-07-04T21:57:27.562539", 
  "duration": 30, 
  "tick": "+2", 
  "IOB": 1.953
}