{
  "bg": 127, 
  "temp": "absolute", 
  "snoozeBG": 161, 
  "recieved": true, 
  "predBGs": {
    "IOB": [
      127, 
      131, 
      136, 
      140, 
      143, 
      147, 
      150, 
      152, 
      154, 
      155, 
      156, 
      156, 
      155, 
      154, 
      153, 
      151, 
      149, 
      147, 
      144, 
      141, 
      139, 
      136, 
      133, 
      131, 
      128, 
      126, 
      124, 
      121, 
      119, 
      118, 
      116, 
      114, 
      113, 
      112, 
      111, 
      110
    ]
  }, 
  "rate": 0.9, 
  "reason": "COB: 0, Dev: 17, BGI: 1.76, ISF: 106.7, Target: 133; Eventual BG 161>=133, 27m@1.370 = 0.617 > req 0.2624179943767573+0.1U", 
  "COB": 0, 
  "eventualBG": 161, 
  "timestamp": "2016-07-04T02:25:38.299427", 
  "duration": 30, 
  "tick": "+6", 
  "IOB": -0.212
}