{
  "bg": 174, 
  "temp": "absolute", 
  "snoozeBG": 169, 
  "recieved": true, 
  "predBGs": {
    "IOB": [
      174, 
      178, 
      181, 
      183, 
      185, 
      185, 
      184, 
      183, 
      180, 
      176, 
      171, 
      165, 
      158, 
      151, 
      144, 
      137, 
      129, 
      122, 
      116, 
      110, 
      104, 
      99, 
      94, 
      89, 
      85, 
      81, 
      77, 
      74, 
      71, 
      68, 
      66, 
      63, 
      61, 
      60, 
      58, 
      57
    ]
  }, 
  "rate": 2.275, 
  "reason": "COB: 0, Dev: 74, BGI: -7.26, ISF: 70.8, Target: 80; Eventual BG 137 >= 80, 27m@2.075 = 0.934 > req 0.8050847457627119+0.1U. Setting temp basal of 0.675U/hr", 
  "COB": 0, 
  "eventualBG": 137, 
  "timestamp": "2016-07-13T15:31:36.961773", 
  "duration": 30, 
  "tick": "+5", 
  "IOB": 1.574
}