{
  "bg": 127, 
  "temp": "absolute", 
  "snoozeBG": 120, 
  "recieved": true, 
  "predBGs": {
    "IOB": [
      127, 
      126, 
      125, 
      124, 
      124, 
      123, 
      123, 
      122, 
      122, 
      122, 
      122, 
      121, 
      121, 
      121, 
      121, 
      120, 
      120, 
      119, 
      118, 
      118, 
      117, 
      116, 
      115, 
      115, 
      114, 
      113, 
      113, 
      112, 
      112, 
      112, 
      111, 
      111, 
      111, 
      110
    ]
  }, 
  "rate": 0.5, 
  "reason": "COB: 0, Dev: 0, BGI: -0.98, ISF: 85.1, Target: 119; Eventual BG 120>=119, 22m@0.430 = 0.158 > req 0.011750881316098707+0.1U. Setting neutral temp basal of 0.5U/hr", 
  "COB": 0, 
  "eventualBG": 120, 
  "timestamp": "2016-07-03T18:00:51.785106", 
  "duration": 30, 
  "tick": -1, 
  "IOB": 0.088
}