{
  "bg": 140, 
  "temp": "absolute", 
  "snoozeBG": 131, 
  "recieved": true, 
  "predBGs": {
    "IOB": [
      140, 
      141, 
      142, 
      143, 
      143, 
      144, 
      144, 
      144, 
      144, 
      143, 
      143, 
      141, 
      139, 
      137, 
      135, 
      133, 
      130, 
      128, 
      125, 
      123, 
      120, 
      118, 
      116, 
      114, 
      112, 
      110, 
      109, 
      107, 
      106, 
      105, 
      104, 
      103, 
      102, 
      102, 
      101
    ]
  }, 
  "rate": 0.8, 
  "reason": "COB: 0, Dev: 9, BGI: -0.46, ISF: 84.2, Target: 118; Eventual BG 131>=118, 22m@1.020 = 0.374 > req 0.1543942992874109+0.1U", 
  "COB": 0, 
  "eventualBG": 131, 
  "timestamp": "2016-07-04T16:44:03.690179", 
  "duration": 30, 
  "tick": "+1", 
  "IOB": 0.213
}