{
  "bg": 114, 
  "temp": "absolute", 
  "snoozeBG": 136, 
  "recieved": true, 
  "predBGs": {
    "IOB": [
      114, 
      118, 
      122, 
      124, 
      126, 
      128, 
      129, 
      130, 
      131, 
      131, 
      130, 
      129, 
      127, 
      125, 
      124, 
      122, 
      120, 
      119, 
      118, 
      116, 
      115, 
      114, 
      114, 
      113, 
      113, 
      113, 
      112, 
      112, 
      111, 
      111, 
      110, 
      110, 
      109, 
      109, 
      108
    ]
  }, 
  "rate": 0.575, 
  "reason": "COB: 0, Dev: 52, BGI: -3.65, ISF: 137.9, Target: 115; Eventual BG 136>=115, 28m@0.560 = 0.261 > req 0.15228426395939085+0.1U", 
  "COB": 0, 
  "eventualBG": 136, 
  "timestamp": "2016-07-05T11:33:06.259295", 
  "duration": 30, 
  "tick": "+5", 
  "IOB": 0.217
}