{
  "bg": 92, 
  "temp": "absolute", 
  "snoozeBG": 111, 
  "recieved": true, 
  "predBGs": {
    "IOB": [
      92, 
      89, 
      87, 
      85, 
      84, 
      84, 
      83, 
      84, 
      85, 
      86, 
      87, 
      90, 
      92, 
      95, 
      97, 
      100, 
      103, 
      106, 
      108, 
      111, 
      113, 
      116, 
      118, 
      120, 
      121, 
      123, 
      124, 
      126, 
      127, 
      128, 
      128, 
      129, 
      129, 
      130, 
      130, 
      131
    ]
  }, 
  "rate": 0.525, 
  "reason": "COB: 0, Dev: -19, BGI: 0.45, ISF: 75, Target: 115; Eventual BG 111 < 115, 26m@-0.750 = -0.325 < req -0.10666666666666667-0.2U", 
  "COB": 0, 
  "eventualBG": 111, 
  "timestamp": "2016-07-14T19:36:49.982614", 
  "duration": 30, 
  "tick": -3, 
  "IOB": -0.512
}