{
  "bg": 190, 
  "temp": "absolute", 
  "snoozeBG": 156, 
  "recieved": true, 
  "predBGs": {
    "IOB": [
      190, 
      191, 
      192, 
      192, 
      192, 
      192, 
      191, 
      189, 
      187, 
      185, 
      182, 
      178, 
      175, 
      171, 
      168, 
      165, 
      162, 
      159, 
      157, 
      155, 
      153, 
      151, 
      150, 
      149, 
      147, 
      146, 
      145, 
      144, 
      144, 
      143, 
      142, 
      142, 
      142, 
      141
    ]
  }, 
  "rate": 1.375, 
  "reason": "COB: 0, Dev: 48, BGI: -6.18, ISF: 87, Target: 115; Eventual BG 156 >= 115, 30m@1.150 = 0.575 > req 0.47126436781609193+0.1U. Setting temp basal of 0.45U/hr", 
  "COB": 0, 
  "eventualBG": 156, 
  "timestamp": "2016-07-11T01:27:19.628027", 
  "duration": 30, 
  "tick": "+2", 
  "IOB": 0.946
}