{
  "bg": 141, 
  "temp": "absolute", 
  "snoozeBG": 117, 
  "recieved": true, 
  "predBGs": {
    "IOB": [
      141, 
      141, 
      141, 
      140, 
      140, 
      139, 
      139, 
      138, 
      137, 
      135, 
      134, 
      132, 
      130, 
      128, 
      126, 
      124, 
      121, 
      119, 
      117, 
      116, 
      114, 
      112, 
      111, 
      110, 
      109, 
      108, 
      107, 
      106, 
      106, 
      105, 
      105, 
      104, 
      104, 
      104, 
      104, 
      103
    ]
  }, 
  "rate": 0.55, 
  "reason": "COB: 0, Dev: 8, BGI: -1.41, ISF: 78.4, Target: 115; Eventual BG 117 >= 115, 17m@0.600 = 0.170 > req 0.02551020408163265+0.1U. Setting temp basal of 0.5U/hr", 
  "COB": 0, 
  "eventualBG": 117, 
  "timestamp": "2016-07-10T11:55:36.836772", 
  "duration": 30, 
  "tick": "+0", 
  "IOB": 0.412
}