{
  "bg": 162, 
  "temp": "absolute", 
  "snoozeBG": 150, 
  "recieved": true, 
  "predBGs": {
    "COB": [
      162, 
      163, 
      164, 
      164, 
      164, 
      163, 
      162, 
      161, 
      159, 
      158, 
      156, 
      154, 
      152, 
      151, 
      149, 
      147, 
      145, 
      143, 
      141, 
      140, 
      138, 
      137, 
      136, 
      135, 
      134, 
      134, 
      134, 
      134, 
      134, 
      135, 
      135, 
      136, 
      137, 
      138, 
      139, 
      140, 
      141
    ], 
    "aCOB": [
      162, 
      170, 
      176, 
      182, 
      187, 
      191, 
      194, 
      197, 
      198, 
      200, 
      200, 
      200, 
      200, 
      199, 
      197, 
      195, 
      192, 
      189, 
      186, 
      182, 
      179, 
      175, 
      172, 
      169, 
      167, 
      165, 
      163, 
      162, 
      160, 
      159, 
      158, 
      158, 
      157, 
      156, 
      156, 
      156, 
      155
    ], 
    "IOB": [
      162, 
      163, 
      163, 
      163, 
      162, 
      160, 
      158, 
      155, 
      152, 
      149, 
      145, 
      141, 
      137, 
      133, 
      129, 
      125, 
      120, 
      116, 
      113, 
      109, 
      105, 
      102, 
      99, 
      96, 
      94, 
      92, 
      90, 
      89, 
      87, 
      86, 
      85, 
      84, 
      84, 
      83, 
      83, 
      82
    ]
  }, 
  "rate": 0.675, 
  "reason": "COB: 16, Dev: 17, BGI: -1.88, ISF: 94.1, Target: 130; Eventual BG 141 >= 140, 28m@0.700 = 0.327 > req 0.11689691817215729+0.1U. Setting temp basal of 0.7U/hr", 
  "COB": 16, 
  "eventualBG": 141, 
  "timestamp": "2016-07-20T10:51:08.757606", 
  "duration": 30, 
  "tick": "+1", 
  "IOB": 0.751
}