{
  "bg": 211, 
  "temp": "absolute", 
  "snoozeBG": 150, 
  "recieved": true, 
  "predBGs": {
    "COB": [
      211, 
      212, 
      212, 
      211, 
      210, 
      208, 
      205, 
      201, 
      196, 
      191, 
      185, 
      178, 
      171, 
      163, 
      156, 
      148, 
      141, 
      134, 
      127, 
      120, 
      114, 
      108, 
      103, 
      99, 
      94, 
      91, 
      88, 
      85, 
      83, 
      81, 
      79, 
      78, 
      77, 
      76, 
      76, 
      75
    ], 
    "aCOB": [
      211, 
      216, 
      219, 
      221, 
      221, 
      219, 
      216, 
      211, 
      205, 
      197, 
      189, 
      180, 
      171, 
      163, 
      154, 
      146, 
      139, 
      131, 
      124, 
      118, 
      112, 
      106, 
      101, 
      96, 
      92, 
      89, 
      85, 
      83, 
      80, 
      78, 
      77, 
      75, 
      74, 
      74, 
      73
    ], 
    "IOB": [
      211, 
      212, 
      212, 
      211, 
      209, 
      206, 
      202, 
      197, 
      192, 
      185, 
      178, 
      170, 
      161, 
      152, 
      144, 
      136, 
      128, 
      121, 
      114, 
      107, 
      101, 
      96, 
      90, 
      86, 
      82, 
      78, 
      75, 
      72, 
      70, 
      68, 
      66, 
      65, 
      64, 
      63, 
      63, 
      63, 
      62
    ]
  }, 
  "rate": 1.1, 
  "reason": "COB: 12, Dev: 32, BGI: -4.27, ISF: 66.7, Target: 80; Eventual BG 96>=80, 24m@1.000 = 0.400 > req 0.239880059970015+0.1U", 
  "COB": 12, 
  "eventualBG": 96, 
  "timestamp": "2016-07-08T14:56:05.229074", 
  "duration": 30, 
  "tick": "+1", 
  "IOB": 2.207
}