{
  "bg": 170, 
  "temp": "absolute", 
  "snoozeBG": 165, 
  "recieved": true, 
  "predBGs": {
    "COB": [
      170, 
      171, 
      168, 
      166, 
      163, 
      160, 
      157, 
      153, 
      150, 
      146, 
      142, 
      138, 
      133, 
      128, 
      123, 
      119, 
      114, 
      109, 
      105, 
      101, 
      97, 
      93, 
      89, 
      86, 
      82, 
      80, 
      77, 
      74, 
      72, 
      70, 
      69, 
      68, 
      67, 
      66, 
      65
    ], 
    "aCOB": [
      170, 
      170, 
      167, 
      165, 
      162, 
      159, 
      156, 
      153, 
      149, 
      145, 
      141, 
      137, 
      132, 
      127, 
      122, 
      118, 
      113, 
      108, 
      104, 
      100, 
      96, 
      92, 
      88, 
      85, 
      81, 
      79, 
      76, 
      73, 
      71, 
      69, 
      68, 
      67, 
      66, 
      65, 
      64
    ], 
    "IOB": [
      170, 
      174, 
      178, 
      181, 
      183, 
      185, 
      185, 
      185, 
      184, 
      182, 
      179, 
      175, 
      171, 
      166, 
      161, 
      156, 
      152, 
      147, 
      143, 
      138, 
      134, 
      130, 
      127, 
      123, 
      120, 
      117, 
      114, 
      112, 
      110, 
      108, 
      106, 
      105, 
      104, 
      103, 
      103, 
      103, 
      102
    ]
  }, 
  "rate": 1.175, 
  "reason": "COB: 1, Dev: 44, BGI: -2.4, ISF: 76.2, Target: 115; Eventual BG 138 >= 115, 15m@1.675 = 0.419 > req 0.30183727034120733+0.1U. Setting temp basal of 0.575U/hr", 
  "COB": 1, 
  "eventualBG": 138, 
  "timestamp": "2016-07-12T10:23:41.803724", 
  "duration": 30, 
  "tick": "+5", 
  "IOB": 0.996
}