{
  "bg": 175, 
  "temp": "absolute", 
  "snoozeBG": 118, 
  "recieved": true, 
  "predBGs": {
    "IOB": [
      175, 
      175, 
      174, 
      173, 
      172, 
      170, 
      168, 
      165, 
      162, 
      159, 
      155, 
      151, 
      147, 
      144, 
      140, 
      136, 
      133, 
      130, 
      126, 
      123, 
      120, 
      117, 
      114, 
      112, 
      110, 
      108, 
      106, 
      104, 
      103, 
      102, 
      101, 
      100, 
      100, 
      99
    ]
  }, 
  "rate": 0.625, 
  "reason": "COB: 0, Dev: 21, BGI: -3.56, ISF: 73.4, Target: 115; Eventual BG 118 >= 115, 25m@0.550 = 0.229 > req 0.04087193460490463+0.1U. Setting temp basal of 0.55U/hr", 
  "COB": 0, 
  "eventualBG": 118, 
  "timestamp": "2016-07-11T10:32:59.325510", 
  "duration": 30, 
  "tick": "+0", 
  "IOB": 1.061
}