{
  "bg": 133, 
  "temp": "absolute", 
  "snoozeBG": 112, 
  "recieved": true, 
  "predBGs": {
    "COB": [
      133, 
      136, 
      139, 
      141, 
      142, 
      144, 
      144, 
      145, 
      144, 
      144, 
      142, 
      140, 
      138, 
      135, 
      132, 
      129, 
      126, 
      124, 
      121, 
      119, 
      117, 
      116, 
      114, 
      113, 
      111, 
      109, 
      107, 
      105, 
      102, 
      100, 
      98, 
      97, 
      96, 
      95, 
      94
    ], 
    "aCOB": [
      133, 
      132, 
      131, 
      129, 
      127, 
      125, 
      123, 
      121, 
      118, 
      115, 
      112, 
      109, 
      105, 
      101, 
      97, 
      94, 
      91, 
      89, 
      87, 
      85, 
      84, 
      84, 
      84, 
      84, 
      84, 
      85, 
      85, 
      86, 
      86, 
      87, 
      88, 
      89, 
      90, 
      91, 
      92, 
      93, 
      94
    ], 
    "IOB": [
      133, 
      136, 
      137, 
      137, 
      135, 
      133, 
      130, 
      125, 
      119, 
      112, 
      104, 
      95, 
      84, 
      73, 
      63, 
      53, 
      44, 
      39
    ]
  }, 
  "rate": 1.175, 
  "reason": "COB: 38, Dev: 87, BGI: -10.54, ISF: 75, Target: 80; Eventual BG 94 >= 80, 27m@0.925 = 0.416 > req 0.18666666666666668+0.1U. Setting temp basal of 1.2U/hr", 
  "COB": 38, 
  "eventualBG": 94, 
  "timestamp": "2016-07-16T22:05:19.006909", 
  "duration": 30, 
  "tick": "+4", 
  "IOB": 2.608
}