{
  "bg": 131, 
  "temp": "absolute", 
  "snoozeBG": 130, 
  "recieved": true, 
  "predBGs": {
    "IOB": [
      131, 
      132, 
      132, 
      133, 
      133, 
      133, 
      133, 
      132, 
      132, 
      131, 
      130, 
      129, 
      127, 
      126, 
      124, 
      123, 
      122, 
      120, 
      119, 
      118, 
      117, 
      115, 
      114, 
      113, 
      112, 
      111, 
      110, 
      109, 
      108, 
      107, 
      107, 
      106, 
      106, 
      105, 
      105, 
      105, 
      104
    ]
  }, 
  "rate": 0.8, 
  "reason": "COB: 0, Dev: 25, BGI: -3.12, ISF: 83.3, Target: 117; Eventual BG 130 >= 117, 29m@0.600 = 0.290 > req 0.156062424969988+0.1U. Setting temp basal of 0.825U/hr", 
  "COB": 0, 
  "eventualBG": 130, 
  "timestamp": "2016-07-18T10:10:38.592619", 
  "duration": 30, 
  "tick": "+1", 
  "IOB": 0.308
}