{
  "bg": 137, 
  "temp": "absolute", 
  "snoozeBG": 121, 
  "recieved": true, 
  "predBGs": {
    "IOB": [
      137, 
      137, 
      137, 
      137, 
      137, 
      136, 
      136, 
      135, 
      134, 
      133, 
      132, 
      131, 
      130, 
      128, 
      127, 
      125, 
      124, 
      122, 
      120, 
      119, 
      118, 
      117, 
      115, 
      114, 
      113, 
      113, 
      112, 
      111, 
      111, 
      110, 
      110, 
      109, 
      109, 
      109, 
      108
    ]
  }, 
  "rate": 0.5, 
  "reason": "COB: 0, Dev: 1, BGI: -0.13, ISF: 85.1, Target: 119; Eventual BG 121>=119, 27m@0.380 = 0.171 > req 0.023501762632197415+0.1U. Setting neutral temp basal of 0.5U/hr", 
  "COB": 0, 
  "eventualBG": 121, 
  "timestamp": "2016-07-03T18:44:12.619964", 
  "duration": 30, 
  "tick": "+0", 
  "IOB": 0.196
}