{
  "bg": 139, 
  "temp": "absolute", 
  "snoozeBG": 128, 
  "recieved": true, 
  "predBGs": {
    "COB": [
      139, 
      143, 
      147, 
      151, 
      153, 
      155, 
      156, 
      157, 
      157, 
      156, 
      155, 
      154, 
      152, 
      150, 
      148, 
      146, 
      144, 
      142, 
      140, 
      138, 
      136, 
      134, 
      132, 
      130, 
      128, 
      127, 
      125, 
      124, 
      122, 
      121, 
      121, 
      120, 
      120, 
      119, 
      119, 
      119, 
      118
    ], 
    "aCOB": [
      139, 
      149, 
      157, 
      164, 
      169, 
      174, 
      177, 
      178, 
      178, 
      177, 
      175, 
      172, 
      167, 
      163, 
      159, 
      155, 
      152, 
      148, 
      144, 
      141, 
      137, 
      134, 
      131, 
      129, 
      126, 
      124, 
      122, 
      121, 
      120, 
      118, 
      118, 
      117, 
      117, 
      116, 
      116, 
      116, 
      115
    ], 
    "IOB": [
      139, 
      143, 
      147, 
      149, 
      151, 
      152, 
      152, 
      151, 
      150, 
      147, 
      144, 
      140, 
      136, 
      132, 
      128, 
      124, 
      121, 
      117, 
      113, 
      110, 
      106, 
      103, 
      100, 
      98, 
      95, 
      93, 
      91, 
      90, 
      88, 
      87, 
      87, 
      86, 
      86, 
      85, 
      85, 
      85, 
      84
    ]
  }, 
  "rate": 0.85, 
  "reason": "COB: 13, Dev: 25, BGI: 0.44, ISF: 72.7, Target: 115; Eventual BG 118>=115, 30m@0.530 = 0.265 > req 0.04126547455295736+0.1U", 
  "COB": 13, 
  "eventualBG": 118, 
  "timestamp": "2016-07-08T19:51:04.948682", 
  "duration": 30, 
  "tick": "+6", 
  "IOB": 0.779
}