{
  "bg": 173, 
  "temp": "absolute", 
  "snoozeBG": 154, 
  "recieved": true, 
  "predBGs": {
    "IOB": [
      173, 
      174, 
      175, 
      176, 
      176, 
      175, 
      174, 
      172, 
      170, 
      167, 
      163, 
      159, 
      154, 
      149, 
      144, 
      139, 
      134, 
      130, 
      125, 
      121, 
      117, 
      114, 
      110, 
      107, 
      104, 
      101, 
      99, 
      96, 
      94, 
      92, 
      90, 
      88, 
      87, 
      85, 
      84, 
      83
    ]
  }, 
  "rate": 1.05, 
  "reason": "COB: 0, Dev: 46, BGI: -5.74, ISF: 94.1, Target: 125; Eventual BG 152 >= 125, 28m@1.550 = 0.723 > req 0.2869287991498406+0.1U. Setting temp basal of 1.05U/hr", 
  "COB": 0, 
  "eventualBG": 152, 
  "timestamp": "2016-07-20T08:36:52.731288", 
  "duration": 30, 
  "tick": "+2", 
  "IOB": 0.71
}