{
  "bg": 238, 
  "temp": "absolute", 
  "snoozeBG": 132, 
  "recieved": true, 
  "predBGs": {
    "IOB": [
      238, 
      237, 
      236, 
      234, 
      231, 
      227, 
      222, 
      216, 
      209, 
      202, 
      194, 
      186, 
      177, 
      168, 
      160, 
      152, 
      144, 
      137, 
      130, 
      124, 
      118, 
      113, 
      108, 
      104, 
      100, 
      97, 
      94, 
      92, 
      90, 
      88, 
      87, 
      86, 
      85, 
      84, 
      84, 
      83
    ]
  }, 
  "rate": 1.05, 
  "reason": "COB: 0, Dev: 36, BGI: -5.92, ISF: 68.4, Target: 107; Eventual BG 123>=107, 19m@1.410 = 0.447 > req 0.23391812865497075+0.1U", 
  "COB": 0, 
  "eventualBG": 123, 
  "timestamp": "2016-07-02T14:21:27.858186", 
  "duration": 30, 
  "tick": "+0", 
  "IOB": 2.208
}