{
  "requested": {
    "duration": 30, 
    "rate": 1.9, 
    "temp": "absolute"
  }, 
  "bg": 118, 
  "temp": "absolute", 
  "snoozeBG": 154, 
  "timestamp": "2016-07-09T23:19:25.416039", 
  "predBGs": {
    "COB": [
      118, 
      124, 
      130, 
      136, 
      142, 
      147, 
      152, 
      156, 
      160, 
      162, 
      164, 
      166, 
      167, 
      167, 
      166, 
      166, 
      164, 
      162, 
      160, 
      157, 
      154, 
      151, 
      148, 
      145, 
      142, 
      140, 
      137, 
      135, 
      133, 
      131, 
      130, 
      128, 
      127, 
      126, 
      125, 
      125, 
      124
    ], 
    "aCOB": [
      118, 
      127, 
      136, 
      145, 
      153, 
      160, 
      165, 
      170, 
      173, 
      175, 
      176, 
      176, 
      175, 
      173, 
      171, 
      168, 
      165, 
      162, 
      159, 
      155, 
      152, 
      149, 
      146, 
      143, 
      140, 
      138, 
      135, 
      133, 
      131, 
      130, 
      128, 
      127, 
      125, 
      124, 
      123, 
      123, 
      122
    ], 
    "IOB": [
      118, 
      124, 
      129, 
      135, 
      140, 
      144, 
      148, 
      150, 
      152, 
      152, 
      152, 
      151, 
      150, 
      147, 
      145, 
      142, 
      139, 
      136, 
      133, 
      130, 
      126, 
      123, 
      120, 
      117, 
      115, 
      112, 
      110, 
      108, 
      106, 
      104, 
      102, 
      101, 
      100, 
      98, 
      98, 
      97, 
      96
    ]
  }, 
  "rate": 2.25, 
  "reason": "COB: 14, Dev: 37, BGI: 0.26, ISF: 73.4, Target: 115; Eventual BG 154 >= 115, 30m@1.425 = 0.713 > req 0.5313351498637602+0.1U. Setting temp basal of 0.825U/hr", 
  "COB": 14, 
  "eventualBG": 154, 
  "recieved": false, 
  "duration": 28, 
  "tick": "+11", 
  "IOB": 0.02
}