{
  "bg": 125, 
  "temp": "absolute", 
  "snoozeBG": 124, 
  "recieved": true, 
  "predBGs": {
    "IOB": [
      125, 
      125, 
      125, 
      125, 
      125, 
      125, 
      125, 
      125, 
      125, 
      125, 
      124, 
      124, 
      123, 
      122, 
      120, 
      119, 
      117, 
      115, 
      113, 
      111, 
      109, 
      107, 
      105, 
      103, 
      101, 
      99, 
      98, 
      96, 
      95, 
      94, 
      93, 
      92, 
      91, 
      90, 
      90, 
      89
    ]
  }, 
  "rate": 0.575, 
  "reason": "COB: 0, Dev: 7, BGI: -1.23, ISF: 85.1, Target: 119; Eventual BG 124>=119, 29m@0.880 = 0.425 > req 0.058754406580493544+0.1U", 
  "COB": 0, 
  "eventualBG": 124, 
  "timestamp": "2016-07-04T16:26:00.752031", 
  "duration": 30, 
  "tick": "+0", 
  "IOB": 0.094
}