{
  "bg": 104, 
  "temp": "absolute", 
  "snoozeBG": 132, 
  "recieved": true, 
  "predBGs": {
    "COB": [
      104, 
      108, 
      111, 
      115, 
      118, 
      121, 
      123, 
      125, 
      127, 
      128, 
      129, 
      129, 
      129, 
      129, 
      128, 
      128, 
      127, 
      126, 
      125, 
      124, 
      123, 
      122, 
      121, 
      120, 
      119, 
      118, 
      117, 
      116, 
      115, 
      114, 
      113, 
      113, 
      112, 
      112, 
      112, 
      111
    ], 
    "aCOB": [
      104, 
      112, 
      117, 
      120, 
      121, 
      122, 
      123, 
      124, 
      125, 
      126, 
      126, 
      126, 
      126, 
      125, 
      125, 
      124, 
      124, 
      123, 
      122, 
      121, 
      120, 
      119, 
      117, 
      116, 
      115, 
      114, 
      113, 
      112, 
      112, 
      111, 
      110, 
      109, 
      109, 
      109, 
      108
    ], 
    "IOB": [
      104, 
      108, 
      111, 
      115, 
      118, 
      121, 
      123, 
      126, 
      127, 
      129, 
      129, 
      130, 
      129, 
      129, 
      129, 
      128, 
      127, 
      126, 
      125, 
      124, 
      123, 
      122, 
      121, 
      120, 
      119, 
      118, 
      117, 
      116, 
      115, 
      114, 
      114, 
      113, 
      113, 
      112, 
      112, 
      112, 
      111
    ]
  }, 
  "rate": 0.8, 
  "reason": "COB: 3, Dev: 17, BGI: 1.23, ISF: 87.9, Target: 120; Eventual BG 132 >= 120, 30m@0.500 = 0.250 > req 0.13651877133105803+0.1U. Setting temp basal of 0.825U/hr", 
  "COB": 3, 
  "eventualBG": 132, 
  "timestamp": "2016-07-19T00:12:45.165487", 
  "duration": 30, 
  "tick": "+4", 
  "IOB": -0.141
}