{
  "bg": 180, 
  "temp": "absolute", 
  "snoozeBG": 174, 
  "recieved": true, 
  "predBGs": {
    "IOB": [
      180, 
      185, 
      189, 
      192, 
      194, 
      195, 
      195, 
      193, 
      191, 
      187, 
      183, 
      177, 
      170, 
      163, 
      156, 
      149, 
      142, 
      136, 
      130, 
      124, 
      119, 
      114, 
      110, 
      106, 
      102, 
      98, 
      95, 
      91, 
      89, 
      86, 
      84, 
      82, 
      80, 
      79, 
      78, 
      77, 
      76
    ]
  }, 
  "rate": 1.425, 
  "reason": "COB: 0, Dev: 79, BGI: -7.18, ISF: 71.4, Target: 115; Eventual BG 143 >= 115, 28m@1.600 = 0.747 > req 0.39215686274509803+0.1U. Setting temp basal of 0.675U/hr", 
  "COB": 0, 
  "eventualBG": 143, 
  "timestamp": "2016-07-13T15:36:02.865695", 
  "duration": 30, 
  "tick": "+6", 
  "IOB": 1.628
}