{
  "bg": 135, 
  "temp": "absolute", 
  "snoozeBG": 119, 
  "recieved": true, 
  "predBGs": {
    "IOB": [
      135, 
      135, 
      134, 
      133, 
      133, 
      132, 
      131, 
      129, 
      128, 
      126, 
      123, 
      121, 
      118, 
      115, 
      113, 
      110, 
      108, 
      106, 
      104, 
      102, 
      100, 
      98, 
      96, 
      94, 
      92, 
      90, 
      89, 
      87, 
      86, 
      85, 
      84, 
      83, 
      82, 
      82, 
      81, 
      81, 
      80
    ]
  }, 
  "rate": 0.8, 
  "reason": "COB: 0, Dev: 35, BGI: -5.81, ISF: 75, Target: 115; Eventual BG 119 >= 115, 21m@1.150 = 0.403 > req 0.05333333333333334+0.1U. Setting temp basal of 0.8U/hr", 
  "COB": 0, 
  "eventualBG": 119, 
  "timestamp": "2016-07-16T15:17:47.042932", 
  "duration": 30, 
  "tick": "+0", 
  "IOB": 0.68
}