{
  "bg": 127, 
  "temp": "absolute", 
  "snoozeBG": 153, 
  "recieved": true, 
  "predBGs": {
    "IOB": [
      127, 
      131, 
      134, 
      138, 
      141, 
      144, 
      146, 
      148, 
      149, 
      150, 
      150, 
      150, 
      149, 
      147, 
      146, 
      144, 
      141, 
      139, 
      136, 
      133, 
      131, 
      128, 
      125, 
      123, 
      120, 
      118, 
      116, 
      114, 
      112, 
      110, 
      109, 
      107, 
      106, 
      105, 
      104, 
      103
    ]
  }, 
  "rate": 1.175, 
  "reason": "COB: 0, Dev: 14, BGI: 1.74, ISF: 87, Target: 120; Eventual BG 153 >= 120, 26m@1.425 = 0.618 > req 0.3793103448275862+0.1U. Setting temp basal of 1.2U/hr", 
  "COB": 0, 
  "eventualBG": 153, 
  "timestamp": "2016-07-20T04:37:39.499800", 
  "duration": 30, 
  "tick": "+4", 
  "IOB": -0.149
}