{
  "bg": 149, 
  "temp": "absolute", 
  "snoozeBG": 141, 
  "recieved": true, 
  "predBGs": {
    "IOB": [
      149, 
      151, 
      152, 
      154, 
      155, 
      156, 
      156, 
      156, 
      157, 
      156, 
      156, 
      154, 
      153, 
      151, 
      149, 
      147, 
      145, 
      143, 
      140, 
      138, 
      136, 
      134, 
      132, 
      131, 
      129, 
      128, 
      126, 
      125, 
      124, 
      123, 
      123, 
      122, 
      122, 
      121
    ]
  }, 
  "rate": 1.05, 
  "reason": "COB: 0, Dev: 20, BGI: -1.41, ISF: 72.1, Target: 130; Eventual BG 141 >= 140, 24m@0.650 = 0.260 > req 0.15256588072122054+0.1U. Setting temp basal of 1.05U/hr", 
  "COB": 0, 
  "eventualBG": 141, 
  "timestamp": "2016-07-19T14:46:54.458890", 
  "duration": 30, 
  "tick": "+2", 
  "IOB": 0.387
}