{
  "bg": 116, 
  "temp": "absolute", 
  "snoozeBG": 119, 
  "recieved": true, 
  "predBGs": {
    "COB": [
      116, 
      117, 
      117, 
      118, 
      118, 
      118, 
      118, 
      117, 
      116, 
      114, 
      113, 
      111, 
      109, 
      107, 
      104, 
      102, 
      99, 
      97, 
      94, 
      91, 
      89, 
      86, 
      84, 
      82, 
      80, 
      77, 
      76, 
      74, 
      72, 
      70, 
      69, 
      68, 
      66, 
      65, 
      65, 
      64
    ], 
    "aCOB": [
      116, 
      120, 
      119, 
      118, 
      117, 
      116, 
      115, 
      114, 
      112, 
      111, 
      109, 
      108, 
      106, 
      103, 
      101, 
      98, 
      96, 
      93, 
      91, 
      88, 
      85, 
      83, 
      81, 
      78, 
      76, 
      74, 
      72, 
      70, 
      68, 
      67, 
      65, 
      64, 
      63, 
      62, 
      61, 
      61, 
      60
    ], 
    "IOB": [
      116, 
      117, 
      118, 
      118, 
      119, 
      120, 
      120, 
      120, 
      119, 
      119, 
      118, 
      116, 
      114, 
      112, 
      109, 
      107, 
      104, 
      102, 
      99, 
      96, 
      94, 
      91, 
      89, 
      87, 
      85, 
      82, 
      80, 
      79, 
      77, 
      75, 
      74, 
      73, 
      71, 
      70, 
      70, 
      69, 
      68
    ]
  }, 
  "rate": 0.7, 
  "reason": "COB: 2, Dev: 16, BGI: -1.6, ISF: 74.3, Target: 114; Eventual BG 119 >= 114, 26m@1.600 = 0.693 > req 0.06729475100942127+0.1U. Setting temp basal of 0.725U/hr", 
  "COB": 2, 
  "eventualBG": 119, 
  "timestamp": "2016-07-16T12:45:21.107421", 
  "duration": 30, 
  "tick": "+1", 
  "IOB": 0.169
}