{
  "bg": 159, 
  "temp": "absolute", 
  "snoozeBG": 120, 
  "recieved": true, 
  "predBGs": {
    "IOB": [
      159, 
      159, 
      158, 
      157, 
      156, 
      155, 
      153, 
      151, 
      148, 
      145, 
      141, 
      137, 
      132, 
      127, 
      122, 
      117, 
      112, 
      107, 
      102, 
      98, 
      93, 
      89, 
      85, 
      81, 
      78, 
      74, 
      71, 
      68, 
      65, 
      63, 
      61, 
      59, 
      57, 
      56, 
      55, 
      54
    ]
  }, 
  "rate": 0.675, 
  "reason": "COB: 0, Dev: 23, BGI: -3.89, ISF: 73.4, Target: 115; Eventual BG 120 >= 115, 26m@1.900 = 0.823 > req 0.06811989100817438+0.1U. Setting temp basal of 0.55U/hr", 
  "COB": 0, 
  "eventualBG": 120, 
  "timestamp": "2016-07-11T10:10:21.325349", 
  "duration": 30, 
  "tick": "+0", 
  "IOB": 0.838
}