{
  "bg": 118, 
  "temp": "absolute", 
  "snoozeBG": 121, 
  "recieved": true, 
  "predBGs": {
    "IOB": [
      118, 
      120, 
      121, 
      123, 
      124, 
      125, 
      125, 
      126, 
      126, 
      125, 
      124, 
      123, 
      122, 
      120, 
      119, 
      117, 
      116, 
      114, 
      113, 
      112, 
      110, 
      109, 
      107, 
      106, 
      105, 
      104, 
      103, 
      102, 
      101, 
      100, 
      100, 
      99, 
      99, 
      98, 
      98, 
      98, 
      97
    ]
  }, 
  "rate": 0.8, 
  "reason": "COB: 0, Dev: 23, BGI: -1.76, ISF: 67.8, Target: 115; Eventual BG 121 >= 115, 26m@0.600 = 0.260 > req 0.08849557522123894+0.1U. Setting temp basal of 0.65U/hr", 
  "COB": 0, 
  "eventualBG": 121, 
  "timestamp": "2016-07-13T09:46:22.859597", 
  "duration": 30, 
  "tick": "+2", 
  "IOB": 0.288
}