{
  "bg": 222, 
  "temp": "absolute", 
  "snoozeBG": 167, 
  "recieved": true, 
  "predBGs": {
    "IOB": [
      222, 
      226, 
      229, 
      230, 
      231, 
      230, 
      227, 
      224, 
      219, 
      213, 
      207, 
      199, 
      191, 
      184, 
      176, 
      168, 
      161, 
      153, 
      146, 
      140, 
      133, 
      127, 
      122, 
      117, 
      113, 
      109, 
      106, 
      103, 
      100, 
      98, 
      97, 
      96, 
      95, 
      94, 
      93, 
      93, 
      92
    ]
  }, 
  "rate": 1.425, 
  "reason": "COB: 0, Dev: 76, BGI: -7.68, ISF: 80.8, Target: 116; Eventual BG 146>=116, 27m@1.160 = 0.522 > req 0.3712871287128713+0.1U", 
  "COB": 0, 
  "eventualBG": 146, 
  "timestamp": "2016-07-04T20:35:21.579077", 
  "duration": 30, 
  "tick": "+5", 
  "IOB": 1.882
}