{
  "bg": 140, 
  "temp": "absolute", 
  "snoozeBG": 137, 
  "recieved": true, 
  "predBGs": {
    "COB": [
      140, 
      140, 
      138, 
      135, 
      130, 
      126, 
      122, 
      118, 
      114, 
      110, 
      107, 
      104, 
      100, 
      97, 
      94, 
      92, 
      89, 
      86, 
      84, 
      82, 
      80, 
      78, 
      77, 
      76, 
      74, 
      73, 
      72, 
      72, 
      71, 
      70, 
      69, 
      68, 
      68, 
      67, 
      67, 
      67, 
      66
    ], 
    "aCOB": [
      140, 
      141, 
      138, 
      134, 
      129, 
      125, 
      121, 
      117, 
      113, 
      109, 
      106, 
      102, 
      99, 
      96, 
      93, 
      90, 
      87, 
      85, 
      83, 
      80, 
      79, 
      77, 
      75, 
      74, 
      73, 
      72, 
      71, 
      70, 
      69, 
      69, 
      68, 
      67, 
      66, 
      66, 
      66, 
      65
    ], 
    "IOB": [
      140, 
      141, 
      142, 
      142, 
      142, 
      142, 
      141, 
      140, 
      138, 
      136, 
      134, 
      131, 
      128, 
      125, 
      122, 
      119, 
      116, 
      114, 
      111, 
      109, 
      107, 
      106, 
      104, 
      103, 
      102, 
      101, 
      100, 
      99, 
      98, 
      97, 
      97, 
      96, 
      95, 
      95, 
      94
    ]
  }, 
  "rate": 1.0, 
  "reason": "COB: 2, Dev: 40, BGI: -4.72, ISF: 75.5, Target: 112; Eventual BG 128 >= 112, 27m@0.725 = 0.326 > req 0.2119205298013245+0.1U. Setting temp basal of 1U/hr", 
  "COB": 2, 
  "eventualBG": 128, 
  "timestamp": "2016-07-19T08:14:13.231143", 
  "duration": 30, 
  "tick": "+2", 
  "IOB": 0.695
}