{
  "bg": 128, 
  "temp": "absolute", 
  "snoozeBG": 137, 
  "recieved": true, 
  "predBGs": {
    "IOB": [
      128, 
      130, 
      131, 
      133, 
      134, 
      134, 
      135, 
      136, 
      136, 
      136, 
      136, 
      135, 
      135, 
      134, 
      133, 
      132, 
      132, 
      131, 
      130, 
      129, 
      128, 
      128, 
      127, 
      127, 
      126, 
      126, 
      125, 
      125, 
      125, 
      124, 
      124, 
      124, 
      123
    ]
  }, 
  "rate": 0.4, 
  "reason": "COB: 0, Dev: 20, BGI: -1.26, ISF: 109.6, Target: 135; Eventual BG 137>=135, 17m@0.530 = 0.150 > req 0.018248175182481754+0.1U", 
  "COB": 0, 
  "eventualBG": 137, 
  "timestamp": "2016-07-04T00:48:32.470215", 
  "duration": 30, 
  "tick": "+6", 
  "IOB": 0.099
}