{
  "bg": 79, 
  "temp": "absolute", 
  "snoozeBG": 109, 
  "recieved": true, 
  "predBGs": {
    "COB": [
      79, 
      82, 
      86, 
      89, 
      92, 
      95, 
      97, 
      100, 
      101, 
      103, 
      104, 
      104, 
      105, 
      105, 
      105, 
      104, 
      103, 
      102, 
      101, 
      100, 
      98, 
      97, 
      96, 
      94, 
      93, 
      92, 
      91, 
      90, 
      89, 
      88, 
      87, 
      86, 
      86, 
      85
    ], 
    "aCOB": [
      79, 
      83, 
      87, 
      90, 
      93, 
      95, 
      98, 
      100, 
      102, 
      103, 
      104, 
      105, 
      105, 
      105, 
      104, 
      104, 
      103, 
      102, 
      100, 
      99, 
      98, 
      96, 
      95, 
      94, 
      92, 
      91, 
      90, 
      88, 
      87, 
      86, 
      86, 
      85, 
      84, 
      84, 
      83
    ], 
    "IOB": [
      79, 
      82, 
      86, 
      89, 
      92, 
      95, 
      97, 
      99, 
      101, 
      102, 
      103, 
      104, 
      104, 
      104, 
      104, 
      103, 
      102, 
      101, 
      100, 
      99, 
      97, 
      96, 
      94, 
      93, 
      92, 
      90, 
      89, 
      88, 
      87, 
      86, 
      85, 
      84, 
      84, 
      83, 
      83, 
      82
    ]
  }, 
  "rate": 1.1, 
  "reason": "COB: 1, Dev: 0, BGI: 3.28, ISF: 89.9, Target: 80; Eventual BG 102>=80, 25m@0.880 = 0.367 > req 0.2447163515016685+0.1U", 
  "COB": 1, 
  "eventualBG": 102, 
  "timestamp": "2016-07-03T20:55:23.494366", 
  "duration": 30, 
  "tick": "+4", 
  "IOB": -0.288
}