{
  "bg": 136, 
  "temp": "absolute", 
  "snoozeBG": 155, 
  "recieved": true, 
  "predBGs": {
    "IOB": [
      136, 
      140, 
      143, 
      146, 
      148, 
      150, 
      151, 
      151, 
      151, 
      150, 
      149, 
      147, 
      144, 
      141, 
      138, 
      135, 
      132, 
      129, 
      126, 
      123, 
      120, 
      118, 
      115, 
      113, 
      110, 
      108, 
      107, 
      105, 
      103, 
      102, 
      101, 
      100, 
      99, 
      98, 
      98, 
      97
    ]
  }, 
  "rate": 1.35, 
  "reason": "COB: 0, Dev: 29, BGI: -0.42, ISF: 76.2, Target: 112; Eventual BG 134>=112, 28m@0.910 = 0.425 > req 0.2887139107611548+0.1U", 
  "COB": 0, 
  "eventualBG": 134, 
  "timestamp": "2016-07-02T23:12:19.207870", 
  "duration": 30, 
  "tick": "+7", 
  "IOB": 0.409
}