{
  "bg": 150, 
  "temp": "absolute", 
  "snoozeBG": 125, 
  "recieved": true, 
  "predBGs": {
    "IOB": [
      150, 
      152, 
      153, 
      154, 
      154, 
      154, 
      153, 
      152, 
      150, 
      148, 
      145, 
      142, 
      139, 
      136, 
      132, 
      129, 
      126, 
      122, 
      120, 
      117, 
      114, 
      111, 
      109, 
      107, 
      105, 
      103, 
      101, 
      100, 
      98, 
      97, 
      96, 
      95, 
      95, 
      94, 
      94, 
      93
    ]
  }, 
  "rate": 1.05, 
  "reason": "COB: 0, Dev: 26, BGI: -2.32, ISF: 70.2, Target: 108; Eventual BG 125>=108, 18m@1.230 = 0.369 > req 0.24216524216524216+0.1U", 
  "COB": 0, 
  "eventualBG": 125, 
  "timestamp": "2016-07-02T12:00:56.493272", 
  "duration": 30, 
  "tick": "+2", 
  "IOB": 0.72
}