{
  "bg": 118, 
  "temp": "absolute", 
  "snoozeBG": 120, 
  "recieved": true, 
  "predBGs": {
    "IOB": [
      118, 
      119, 
      120, 
      120, 
      121, 
      121, 
      122, 
      122, 
      122, 
      122, 
      122, 
      122, 
      122, 
      122, 
      121, 
      121, 
      121, 
      121, 
      121, 
      122, 
      122, 
      122, 
      122, 
      123, 
      123, 
      123, 
      123, 
      123, 
      124, 
      124, 
      124, 
      124, 
      124, 
      125
    ]
  }, 
  "rate": 1.05, 
  "reason": "COB: 0, Dev: 12, BGI: -0.95, ISF: 68.2, Target: 115; Eventual BG 120 >= 115, 30m@0.350 = 0.175 > req 0.07331378299120234+0.1U. Setting temp basal of 0.9U/hr", 
  "COB": 0, 
  "eventualBG": 120, 
  "timestamp": "2016-07-13T23:32:37.489651", 
  "duration": 30, 
  "tick": "+1", 
  "IOB": 0.145
}