{
  "bg": 158, 
  "temp": "absolute", 
  "snoozeBG": 166, 
  "recieved": true, 
  "predBGs": {
    "IOB": [
      158, 
      164, 
      169, 
      174, 
      178, 
      181, 
      183, 
      185, 
      185, 
      184, 
      183, 
      180, 
      177, 
      173, 
      168, 
      163, 
      158, 
      153, 
      148, 
      142, 
      137, 
      132, 
      127, 
      122, 
      118, 
      114, 
      110, 
      107, 
      104, 
      101, 
      98, 
      96, 
      94, 
      93, 
      92, 
      91, 
      90
    ]
  }, 
  "rate": 1.75, 
  "reason": "COB: 0, Dev: 28, BGI: 1.7, ISF: 77.3, Target: 117; Eventual BG 166 >= 117, 27m@2.250 = 1.012 > req 0.6338939197930142+0.1U. Setting temp basal of 1.75U/hr", 
  "COB": 0, 
  "eventualBG": 166, 
  "timestamp": "2016-07-16T05:46:31.260190", 
  "duration": 30, 
  "tick": "+7", 
  "IOB": 0.254
}