{
  "bg": 100, 
  "temp": "absolute", 
  "snoozeBG": 127, 
  "recieved": true, 
  "predBGs": {
    "IOB": [
      100, 
      98, 
      97, 
      96, 
      95, 
      95, 
      95, 
      95, 
      96, 
      97, 
      99, 
      100, 
      102, 
      103, 
      105, 
      106, 
      107, 
      107, 
      108, 
      108, 
      108, 
      109, 
      109, 
      109, 
      109, 
      109, 
      109, 
      108, 
      108, 
      108, 
      108, 
      108, 
      108, 
      107
    ]
  }, 
  "rate": 0.55, 
  "reason": "COB: 0, Dev: 11, BGI: -1.77, ISF: 90.9, Target: 123; Eventual BG 127>=123, 28m@0.360 = 0.168 > req 0.044004400440044+0.1U", 
  "COB": 0, 
  "eventualBG": 127, 
  "timestamp": "2016-07-04T12:20:59.061501", 
  "duration": 30, 
  "tick": -2, 
  "IOB": -0.206
}