{
  "bg": 150, 
  "temp": "absolute", 
  "snoozeBG": 138, 
  "recieved": true, 
  "predBGs": {
    "COB": [
      150, 
      155, 
      160, 
      164, 
      167, 
      168, 
      169, 
      169, 
      168, 
      166, 
      164, 
      161, 
      157, 
      153, 
      149, 
      145, 
      141, 
      137, 
      133, 
      130, 
      127, 
      124, 
      121, 
      119, 
      116, 
      114, 
      112, 
      111, 
      110, 
      108, 
      108, 
      107, 
      106, 
      105, 
      105, 
      105, 
      104
    ], 
    "aCOB": [
      150, 
      156, 
      162, 
      166, 
      169, 
      171, 
      172, 
      171, 
      170, 
      168, 
      164, 
      160, 
      156, 
      152, 
      148, 
      144, 
      140, 
      137, 
      133, 
      130, 
      126, 
      123, 
      121, 
      118, 
      116, 
      114, 
      112, 
      110, 
      109, 
      108, 
      107, 
      106, 
      106, 
      105, 
      105, 
      104
    ], 
    "IOB": [
      150, 
      155, 
      160, 
      164, 
      166, 
      168, 
      169, 
      168, 
      167, 
      165, 
      162, 
      159, 
      154, 
      150, 
      146, 
      142, 
      138, 
      135, 
      131, 
      128, 
      125, 
      122, 
      119, 
      116, 
      114, 
      112, 
      110, 
      108, 
      107, 
      106, 
      105, 
      104, 
      104, 
      103, 
      103, 
      102
    ]
  }, 
  "rate": 1.1, 
  "reason": "COB: 9, Dev: 54, BGI: -2.81, ISF: 75, Target: 115; Eventual BG 135 >= 115, 27m@0.825 = 0.371 > req 0.26666666666666666+0.1U. Setting temp basal of 1.1U/hr", 
  "COB": 9, 
  "eventualBG": 135, 
  "timestamp": "2016-07-16T09:59:10.636628", 
  "duration": 30, 
  "tick": "+11", 
  "IOB": 0.917
}