{
  "requested": {
    "duration": 30, 
    "rate": 1.55, 
    "temp": "absolute"
  }, 
  "bg": 98, 
  "temp": "absolute", 
  "snoozeBG": 106, 
  "timestamp": "2016-07-15T12:27:01.226790", 
  "predBGs": {
    "IOB": [
      98, 
      101, 
      103, 
      106, 
      108, 
      109, 
      111, 
      112, 
      112, 
      112, 
      111, 
      110, 
      109, 
      107, 
      105, 
      103, 
      101, 
      99, 
      96, 
      94, 
      92, 
      89, 
      87, 
      85, 
      83, 
      81, 
      80, 
      78, 
      77, 
      75, 
      74, 
      73, 
      73, 
      72, 
      71
    ]
  }, 
  "rate": 1.55, 
  "reason": "COB: 0, Dev: 16, BGI: 0.33, ISF: 60.5, Target: 80; Eventual BG 104 >= 80, 25m@1.275 = 0.531 > req 0.39669421487603307+0.1U. Setting temp basal of 1.55U/hr", 
  "COB": 0, 
  "eventualBG": 104, 
  "recieved": false, 
  "duration": 30, 
  "tick": "+3", 
  "IOB": 0.163
}