{
  "bg": 127, 
  "temp": "absolute", 
  "snoozeBG": 128, 
  "recieved": true, 
  "predBGs": {
    "COB": [
      127, 
      127, 
      127, 
      127, 
      127, 
      127, 
      128, 
      128, 
      128, 
      128, 
      128, 
      129, 
      129, 
      129, 
      130, 
      130, 
      131, 
      131, 
      132, 
      132, 
      133, 
      133, 
      134, 
      134, 
      135, 
      135, 
      136, 
      136, 
      137, 
      137, 
      138, 
      138, 
      139, 
      139, 
      140
    ], 
    "aCOB": [
      127, 
      133, 
      138, 
      143, 
      148, 
      152, 
      155, 
      158, 
      160, 
      161, 
      162, 
      163, 
      163, 
      162, 
      161, 
      159, 
      157, 
      156, 
      154, 
      153, 
      152, 
      150, 
      149, 
      148, 
      147, 
      146, 
      145, 
      144, 
      143, 
      143, 
      142, 
      141, 
      141, 
      141, 
      140
    ], 
    "IOB": [
      127, 
      127, 
      126, 
      126, 
      125, 
      124, 
      123, 
      122, 
      121, 
      119, 
      117, 
      115, 
      113, 
      111, 
      109, 
      107, 
      105, 
      104, 
      102, 
      101, 
      100, 
      98, 
      97, 
      96, 
      95, 
      94, 
      93, 
      92, 
      91, 
      91, 
      90, 
      89, 
      89, 
      88
    ]
  }, 
  "rate": 1.05, 
  "reason": "COB: 15, Dev: 20, BGI: -3.35, ISF: 80.8, Target: 116; Eventual BG 140>=116, 28m@0.635 = 0.296 > req 0.1485148514851485+0.1U", 
  "COB": 15, 
  "eventualBG": 140, 
  "timestamp": "2016-07-02T02:27:05.220777", 
  "duration": 30, 
  "tick": "+0", 
  "IOB": 0.432
}