{
  "bg": 190, 
  "temp": "absolute", 
  "snoozeBG": 138, 
  "recieved": true, 
  "predBGs": {
    "IOB": [
      190, 
      191, 
      191, 
      190, 
      189, 
      187, 
      184, 
      180, 
      176, 
      172, 
      167, 
      162, 
      157, 
      152, 
      147, 
      142, 
      137, 
      133, 
      129, 
      125, 
      121, 
      118, 
      115, 
      112, 
      110, 
      108, 
      106, 
      104, 
      103, 
      102, 
      102, 
      101, 
      101, 
      100
    ]
  }, 
  "rate": 0.675, 
  "reason": "COB: 0, Dev: 18, BGI: -2.08, ISF: 81.6, Target: 116; Eventual BG 119 >= 116, 20m@0.675 = 0.225 > req 0.03676470588235294+0.1U. Setting temp basal of 0.7U/hr", 
  "COB": 0, 
  "eventualBG": 119, 
  "timestamp": "2016-07-18T16:21:03.543950", 
  "duration": 30, 
  "tick": "+1", 
  "IOB": 1.095
}