{
  "bg": 124, 
  "temp": "absolute", 
  "snoozeBG": 148, 
  "recieved": true, 
  "predBGs": {
    "IOB": [
      124, 
      127, 
      129, 
      132, 
      134, 
      136, 
      138, 
      139, 
      140, 
      141, 
      142, 
      142, 
      142, 
      141, 
      141, 
      141, 
      140, 
      140, 
      139, 
      138, 
      138, 
      137, 
      137, 
      137, 
      136, 
      136, 
      135, 
      134, 
      134, 
      134, 
      133, 
      133, 
      132, 
      132, 
      132, 
      132, 
      131
    ]
  }, 
  "rate": 1.35, 
  "reason": "COB: 0, Dev: 20, BGI: -0.26, ISF: 74.1, Target: 115; Eventual BG 148 >= 115, 30m@1.225 = 0.613 > req 0.4453441295546559+0.1U. Setting temp basal of 0.475U/hr", 
  "COB": 0, 
  "eventualBG": 148, 
  "timestamp": "2016-07-13T06:41:20.583901", 
  "duration": 30, 
  "tick": "+3", 
  "IOB": -0.056
}