{
  "bg": 131, 
  "temp": "absolute", 
  "snoozeBG": 107, 
  "recieved": true, 
  "predBGs": {
    "IOB": [
      131, 
      125, 
      120, 
      115, 
      111, 
      107, 
      104, 
      102, 
      100, 
      99, 
      99, 
      99, 
      100, 
      101, 
      102, 
      103, 
      104, 
      106, 
      107, 
      109, 
      111, 
      112, 
      114, 
      115, 
      117, 
      118, 
      119, 
      120, 
      121, 
      122, 
      122, 
      123, 
      123, 
      124
    ]
  }, 
  "rate": 0.575, 
  "reason": "COB: 0, Dev: -14, BGI: -3.89, ISF: 68.8, Target: 110; Eventual BG 107 < 110, 27m@-0.775 = -0.349 < req -0.0872093023255814-0.2U", 
  "COB": 0, 
  "eventualBG": 107, 
  "timestamp": "2016-07-16T17:49:02.866968", 
  "duration": 30, 
  "tick": -3, 
  "IOB": 0.15
}