{
  "bg": 166, 
  "temp": "absolute", 
  "snoozeBG": 146, 
  "recieved": true, 
  "predBGs": {
    "IOB": [
      166, 
      167, 
      167, 
      167, 
      167, 
      166, 
      165, 
      164, 
      162, 
      160, 
      158, 
      155, 
      152, 
      148, 
      145, 
      142, 
      139, 
      136, 
      133, 
      130, 
      127, 
      125, 
      122, 
      120, 
      118, 
      116, 
      115, 
      113, 
      112, 
      110, 
      109, 
      108, 
      108, 
      107, 
      106
    ]
  }, 
  "rate": 1.125, 
  "reason": "COB: 0, Dev: 26, BGI: -3.3, ISF: 87.9, Target: 115; Eventual BG 146 >= 115, 29m@0.975 = 0.471 > req 0.3526734926052332+0.1U. Setting temp basal of 0.45U/hr", 
  "COB": 0, 
  "eventualBG": 146, 
  "timestamp": "2016-07-10T02:29:16.795835", 
  "duration": 30, 
  "tick": "+2", 
  "IOB": 0.527
}