{
  "requested": {
    "duration": 30, 
    "rate": 0.8, 
    "temp": "absolute"
  }, 
  "bg": 174, 
  "temp": "absolute", 
  "snoozeBG": 171, 
  "timestamp": "2016-07-03T15:54:25.345098", 
  "predBGs": {
    "COB": [
      174, 
      175, 
      172, 
      166, 
      160, 
      154, 
      149, 
      143, 
      137, 
      132, 
      126, 
      120, 
      114, 
      108, 
      102, 
      97, 
      91, 
      86, 
      81, 
      76, 
      73, 
      69, 
      66, 
      63, 
      60, 
      58, 
      55, 
      53, 
      51, 
      50, 
      48, 
      47, 
      46, 
      45, 
      44, 
      44, 
      43
    ], 
    "aCOB": [
      174, 
      175, 
      172, 
      166, 
      160, 
      154, 
      149, 
      143, 
      137, 
      132, 
      126, 
      120, 
      114, 
      108, 
      103, 
      97, 
      91, 
      86, 
      81, 
      77, 
      73, 
      69, 
      66, 
      63, 
      60, 
      58, 
      56, 
      53, 
      51, 
      50, 
      48, 
      47, 
      46, 
      45, 
      44
    ], 
    "IOB": [
      174, 
      178, 
      181, 
      183, 
      185, 
      185, 
      185, 
      184, 
      181, 
      178, 
      174, 
      170, 
      164, 
      158, 
      152, 
      146, 
      141, 
      135, 
      130, 
      126, 
      122, 
      119, 
      115, 
      113, 
      110, 
      107, 
      105, 
      103, 
      101, 
      99, 
      98, 
      96, 
      95, 
      94, 
      94, 
      93
    ]
  }, 
  "rate": 1.875, 
  "reason": "COB: 3, Dev: 64, BGI: -5.74, ISF: 85.1, Target: 119; Eventual BG 133>=119, 16m@1.405 = 0.375 > req 0.1645123384253819+0.1U", 
  "COB": 3, 
  "eventualBG": 133, 
  "recieved": false, 
  "duration": 15, 
  "tick": "+5", 
  "IOB": 1.23
}