{
  "bg": 109, 
  "temp": "absolute", 
  "snoozeBG": 137, 
  "recieved": true, 
  "predBGs": {
    "IOB": [
      109, 
      111, 
      112, 
      114, 
      115, 
      116, 
      118, 
      119, 
      119, 
      120, 
      120, 
      120, 
      119, 
      118, 
      117, 
      115, 
      113, 
      111, 
      108, 
      106, 
      104, 
      101, 
      99, 
      97, 
      95, 
      93, 
      91, 
      89, 
      88, 
      86, 
      85, 
      83, 
      82, 
      81, 
      80, 
      80, 
      79
    ]
  }, 
  "rate": 1.375, 
  "reason": "COB: 0, Dev: 31, BGI: -3.11, ISF: 75, Target: 115; Eventual BG 137 >= 115, 28m@1.450 = 0.677 > req 0.29333333333333333+0.1U. Setting temp basal of 1.4U/hr", 
  "COB": 0, 
  "eventualBG": 137, 
  "timestamp": "2016-07-14T22:26:34.152968", 
  "duration": 30, 
  "tick": "+2", 
  "IOB": 0.041
}