{
  "bg": 213, 
  "temp": "absolute", 
  "snoozeBG": 272, 
  "recieved": true, 
  "predBGs": {
    "COB": [
      213, 
      222, 
      229, 
      236, 
      240, 
      244, 
      245, 
      245, 
      243, 
      239, 
      233, 
      224, 
      215, 
      205, 
      194, 
      183, 
      171, 
      160, 
      149, 
      139, 
      128, 
      119, 
      110, 
      101, 
      93, 
      86, 
      80, 
      74, 
      69, 
      64, 
      60, 
      56, 
      54, 
      51, 
      49, 
      48, 
      47
    ], 
    "aCOB": [
      213, 
      220, 
      225, 
      230, 
      234, 
      237, 
      238, 
      238, 
      237, 
      234, 
      229, 
      223, 
      215, 
      206, 
      196, 
      184, 
      173, 
      161, 
      151, 
      140, 
      130, 
      120, 
      111, 
      103, 
      95, 
      88, 
      81, 
      75, 
      70, 
      65, 
      61, 
      58, 
      55, 
      53, 
      51, 
      49
    ], 
    "IOB": [
      213, 
      222, 
      230, 
      236, 
      241, 
      245, 
      247, 
      247, 
      245, 
      242, 
      236, 
      228, 
      219, 
      209, 
      198, 
      187, 
      176, 
      164, 
      153, 
      143, 
      132, 
      123, 
      114, 
      105, 
      98, 
      90, 
      84, 
      78, 
      73, 
      68, 
      64, 
      61, 
      58, 
      55, 
      53, 
      52, 
      51
    ]
  }, 
  "rate": 0.975, 
  "reason": "COB: 18, Dev: 76, BGI: -2.66, ISF: 64, Target: 115; Eventual BG 126 >= 115, 28m@2.125 = 0.992 > req 0.171875+0.1U. Setting temp basal of 0.625U/hr", 
  "COB": 18, 
  "eventualBG": 126, 
  "timestamp": "2016-07-11T14:18:17.716246", 
  "duration": 30, 
  "tick": "+10", 
  "IOB": 2.542
}