{
  "bg": 119, 
  "temp": "absolute", 
  "snoozeBG": 124, 
  "recieved": true, 
  "predBGs": {
    "COB": [
      119, 
      118, 
      118, 
      117, 
      116, 
      115, 
      114, 
      113, 
      112, 
      110, 
      108, 
      107, 
      105, 
      104, 
      104, 
      103, 
      102, 
      102, 
      101, 
      100, 
      99, 
      98, 
      97, 
      96, 
      95, 
      94, 
      93, 
      92, 
      91, 
      90, 
      90, 
      89, 
      89, 
      88, 
      88, 
      88, 
      87
    ], 
    "aCOB": [
      119, 
      122, 
      123, 
      123, 
      122, 
      119, 
      116, 
      113, 
      110, 
      108, 
      106, 
      105, 
      103, 
      102, 
      102, 
      101, 
      101, 
      100, 
      99, 
      98, 
      97, 
      96, 
      95, 
      94, 
      93, 
      92, 
      91, 
      90, 
      89, 
      88, 
      88, 
      87, 
      87, 
      86, 
      86, 
      86, 
      85
    ], 
    "IOB": [
      119, 
      119, 
      118, 
      118, 
      117, 
      117, 
      117, 
      116, 
      115, 
      115, 
      114, 
      113, 
      111, 
      110, 
      110, 
      109, 
      108, 
      108, 
      107, 
      106, 
      105, 
      104, 
      103, 
      102, 
      101, 
      100, 
      99, 
      98, 
      97, 
      96, 
      96, 
      95, 
      95, 
      94, 
      94, 
      93
    ]
  }, 
  "rate": 0.9, 
  "reason": "COB: 7, Dev: 34, BGI: -5.71, ISF: 64.5, Target: 115; Eventual BG 124 >= 115, 24m@0.725 = 0.290 > req 0.13953488372093023+0.1U. Setting temp basal of 0.625U/hr", 
  "COB": 7, 
  "eventualBG": 124, 
  "timestamp": "2016-07-11T13:36:58.510585", 
  "duration": 30, 
  "tick": "+0", 
  "IOB": 0.451
}