{
  "bg": 146, 
  "temp": "absolute", 
  "snoozeBG": 152, 
  "recieved": true, 
  "predBGs": {
    "IOB": [
      146, 
      152, 
      157, 
      162, 
      166, 
      169, 
      171, 
      172, 
      172, 
      171, 
      169, 
      166, 
      162, 
      158, 
      153, 
      148, 
      143, 
      138, 
      133, 
      128, 
      123, 
      118, 
      114, 
      110, 
      106, 
      103, 
      100, 
      97, 
      94, 
      92, 
      90, 
      88, 
      87, 
      86, 
      85, 
      84, 
      83
    ]
  }, 
  "rate": 1.6, 
  "reason": "COB: 0, Dev: 53, BGI: -2.03, ISF: 75, Target: 115; Eventual BG 152 >= 115, 27m@1.850 = 0.833 > req 0.49333333333333335+0.1U. Setting temp basal of 1.6U/hr", 
  "COB": 0, 
  "eventualBG": 152, 
  "timestamp": "2016-07-17T00:35:09.976598", 
  "duration": 30, 
  "tick": "+8", 
  "IOB": 0.622
}