{
  "bg": 127, 
  "temp": "absolute", 
  "snoozeBG": 125, 
  "recieved": true, 
  "predBGs": {
    "COB": [
      127, 
      127, 
      127, 
      127, 
      127, 
      127, 
      127, 
      128, 
      128, 
      128, 
      127, 
      127, 
      127, 
      127, 
      127, 
      127, 
      126, 
      126, 
      126, 
      126, 
      126, 
      126, 
      126, 
      126, 
      126, 
      125, 
      125, 
      125, 
      125, 
      125, 
      125, 
      125, 
      125, 
      126
    ], 
    "aCOB": [
      127, 
      133, 
      138, 
      142, 
      147, 
      150, 
      154, 
      156, 
      158, 
      160, 
      160, 
      161, 
      160, 
      159, 
      158, 
      156, 
      153, 
      151, 
      149, 
      146, 
      144, 
      142, 
      140, 
      139, 
      137, 
      135, 
      134, 
      132, 
      131, 
      130, 
      129, 
      128, 
      127, 
      126, 
      125
    ], 
    "IOB": [
      127, 
      127, 
      126, 
      126, 
      125, 
      124, 
      123, 
      121, 
      119, 
      117, 
      115, 
      112, 
      109, 
      107, 
      104, 
      101, 
      99, 
      96, 
      94, 
      92, 
      90, 
      88, 
      86, 
      84, 
      82, 
      80, 
      79, 
      77, 
      76, 
      75, 
      74, 
      73, 
      72, 
      71, 
      71, 
      70
    ]
  }, 
  "rate": 0.85, 
  "reason": "COB: 15, Dev: 23, BGI: -3.78, ISF: 86, Target: 119; Eventual BG 126>=119, 29m@1.000 = 0.483 > req 0.06976744186046512+0.1U", 
  "COB": 15, 
  "eventualBG": 126, 
  "timestamp": "2016-07-02T02:22:39.526986", 
  "duration": 30, 
  "tick": "+0", 
  "IOB": 0.422
}