{
  "bg": 124, 
  "temp": "absolute", 
  "snoozeBG": 135, 
  "recieved": true, 
  "predBGs": {
    "IOB": [
      124, 
      126, 
      128, 
      130, 
      132, 
      133, 
      135, 
      136, 
      137, 
      138, 
      138, 
      138, 
      138, 
      137, 
      137, 
      136, 
      135, 
      133, 
      132, 
      131, 
      129, 
      128, 
      126, 
      125, 
      124, 
      123, 
      122, 
      121, 
      120, 
      119, 
      118, 
      117, 
      117, 
      116
    ]
  }, 
  "rate": 0.75, 
  "reason": "COB: 0, Dev: 2, BGI: 1.64, ISF: 88.9, Target: 121; Eventual BG 135>=121, 27m@0.600 = 0.270 > req 0.15748031496062992+0.1U", 
  "COB": 0, 
  "eventualBG": 135, 
  "timestamp": "2016-07-03T08:09:20.993662", 
  "duration": 30, 
  "tick": "+2", 
  "IOB": -0.109
}