{
  "bg": 128, 
  "temp": "absolute", 
  "snoozeBG": 129, 
  "recieved": true, 
  "predBGs": {
    "IOB": [
      128, 
      131, 
      135, 
      137, 
      139, 
      141, 
      142, 
      143, 
      143, 
      142, 
      141, 
      138, 
      135, 
      132, 
      128, 
      125, 
      121, 
      117, 
      113, 
      109, 
      105, 
      101, 
      98, 
      94, 
      91, 
      89, 
      86, 
      84, 
      82, 
      80, 
      78, 
      77, 
      75, 
      74, 
      73, 
      73, 
      72
    ]
  }, 
  "rate": 0.975, 
  "reason": "COB: 0, Dev: 38, BGI: -2.4, ISF: 75, Target: 115; Eventual BG 129 >= 115, 30m@1.400 = 0.700 > req 0.18666666666666668+0.1U. Setting temp basal of 0.975U/hr", 
  "COB": 0, 
  "eventualBG": 129, 
  "timestamp": "2016-07-17T00:22:23.962225", 
  "duration": 30, 
  "tick": "+4", 
  "IOB": 0.496
}