{
  "bg": 183, 
  "temp": "absolute", 
  "snoozeBG": 244, 
  "recieved": true, 
  "predBGs": {
    "COB": [
      183, 
      192, 
      198, 
      202, 
      203, 
      202, 
      198, 
      192, 
      184, 
      176, 
      168, 
      159, 
      151, 
      142, 
      134, 
      127, 
      119, 
      113, 
      106, 
      100, 
      94, 
      89, 
      84, 
      79, 
      75, 
      70, 
      67, 
      63, 
      61, 
      58, 
      56, 
      54, 
      53, 
      52, 
      51
    ], 
    "aCOB": [
      183, 
      185, 
      186, 
      187, 
      186, 
      185, 
      183, 
      180, 
      177, 
      172, 
      167, 
      161, 
      154, 
      146, 
      138, 
      130, 
      123, 
      117, 
      110, 
      104, 
      98, 
      93, 
      88, 
      83, 
      78, 
      74, 
      71, 
      67, 
      64, 
      62, 
      60, 
      58, 
      57, 
      56, 
      55
    ], 
    "IOB": [
      183, 
      193, 
      200, 
      207, 
      211, 
      215, 
      216, 
      216, 
      214, 
      210, 
      205, 
      198, 
      190, 
      181, 
      173, 
      165, 
      158, 
      152, 
      145, 
      139, 
      133, 
      128, 
      123, 
      118, 
      113, 
      109, 
      106, 
      102, 
      99, 
      97, 
      95, 
      93, 
      92, 
      91, 
      90
    ]
  }, 
  "rate": 0.75, 
  "reason": "COB: 14, Dev: 110, BGI: -7.27, ISF: 80.8, Target: 116; Eventual BG 118>=116, 28m@0.435 = 0.203 > req 0.024752475247524754+0.1U", 
  "COB": 14, 
  "eventualBG": 118, 
  "timestamp": "2016-07-04T20:12:11.278649", 
  "duration": 30, 
  "tick": "+11", 
  "IOB": 2.163
}