{
  "bg": 124, 
  "temp": "absolute", 
  "snoozeBG": 111, 
  "recieved": true, 
  "predBGs": {
    "IOB": [
      124, 
      127, 
      129, 
      131, 
      133, 
      135, 
      136, 
      136, 
      136, 
      136, 
      135, 
      133, 
      131, 
      128, 
      126, 
      123, 
      120, 
      117, 
      114, 
      112, 
      109, 
      107, 
      105, 
      103, 
      101, 
      99, 
      98, 
      96, 
      95, 
      94, 
      93, 
      92, 
      92, 
      91, 
      91, 
      91, 
      90
    ]
  }, 
  "rate": 0.575, 
  "reason": "COB: 0, Dev: 23, BGI: -0.78, ISF: 70.8, Target: 109; Eventual BG 111>=109, 12m@1.440 = 0.288 > req 0.02824858757062147+0.1U", 
  "COB": 0, 
  "eventualBG": 111, 
  "timestamp": "2016-07-02T16:32:56.338312", 
  "duration": 30, 
  "tick": "+3", 
  "IOB": 0.508
}