{
  "bg": 152, 
  "temp": "absolute", 
  "snoozeBG": 132, 
  "recieved": true, 
  "predBGs": {
    "IOB": [
      152, 
      153, 
      153, 
      153, 
      153, 
      153, 
      152, 
      151, 
      150, 
      148, 
      146, 
      144, 
      141, 
      138, 
      135, 
      132, 
      129, 
      126, 
      123, 
      119, 
      116, 
      113, 
      110, 
      107, 
      105, 
      102, 
      100, 
      98, 
      96, 
      95, 
      94, 
      92, 
      92, 
      91, 
      90, 
      90, 
      89
    ]
  }, 
  "rate": 1.125, 
  "reason": "COB: 0, Dev: 30, BGI: -4.05, ISF: 75, Target: 115; Eventual BG 132 >= 115, 27m@1.175 = 0.529 > req 0.22666666666666666+0.1U. Setting temp basal of 1.15U/hr", 
  "COB": 0, 
  "eventualBG": 132, 
  "timestamp": "2016-07-16T15:36:41.968794", 
  "duration": 30, 
  "tick": "+1", 
  "IOB": 0.666
}