{
  "bg": 145, 
  "temp": "absolute", 
  "snoozeBG": 122, 
  "recieved": true, 
  "predBGs": {
    "IOB": [
      145, 
      145, 
      144, 
      143, 
      142, 
      141, 
      140, 
      138, 
      136, 
      133, 
      130, 
      127, 
      124, 
      120, 
      117, 
      114, 
      110, 
      107, 
      104, 
      102, 
      99, 
      97, 
      95, 
      93, 
      91, 
      90, 
      88, 
      87, 
      85, 
      84, 
      83, 
      82, 
      81, 
      80, 
      80, 
      79
    ]
  }, 
  "rate": 0.775, 
  "reason": "COB: 0, Dev: 29, BGI: -4.79, ISF: 75.5, Target: 112; Eventual BG 120 >= 112, 27m@1.025 = 0.461 > req 0.10596026490066225+0.1U. Setting temp basal of 0.775U/hr", 
  "COB": 0, 
  "eventualBG": 120, 
  "timestamp": "2016-07-19T08:24:00.041205", 
  "duration": 30, 
  "tick": "+0", 
  "IOB": 0.718
}