{
  "bg": 201, 
  "temp": "absolute", 
  "snoozeBG": 140, 
  "recieved": true, 
  "predBGs": {
    "IOB": [
      201, 
      202, 
      202, 
      202, 
      201, 
      200, 
      198, 
      195, 
      192, 
      188, 
      184, 
      180, 
      175, 
      170, 
      165, 
      160, 
      155, 
      150, 
      145, 
      141, 
      137, 
      133, 
      129, 
      125, 
      122, 
      119, 
      117, 
      115, 
      113, 
      111, 
      110, 
      109, 
      108, 
      107, 
      106, 
      106, 
      105
    ]
  }, 
  "rate": 1.425, 
  "reason": "COB: 0, Dev: 10, BGI: -0.59, ISF: 74.1, Target: 115; Eventual BG 140 >= 115, 27m@1.075 = 0.484 > req 0.33738191632928477+0.1U. Setting temp basal of 0.8U/hr", 
  "COB": 0, 
  "eventualBG": 140, 
  "timestamp": "2016-07-09T23:55:34.677593", 
  "duration": 30, 
  "tick": "+1", 
  "IOB": 0.958
}